Date,Confirmed positive,Presumptive positive,Negative,Total,Rate of Change,Acceleration,# Doubles,Today's # Days / Doubling,Avg # Days / Doubling,# tested today,# cases recovered,# active cases,# deaths,"100% of NS population, 80% undoc",# days until 100% NS infected,100% date,New cases,Est. active cases (11 days),# active cases in hospital,# hospital cases in ICU,% of active cases in hospital,Ideal doubling rate of change,Doubling rate to avoid hospital collapse,Predicted # days / doubling,Predicted # total cases,Predicted active cases (11 days),Predicted # active hospital cases,Uh-oh,Estimated free hospital beds,# respirators,# respiratory therapists,# hospital beds,Inpatient days,Occupancy rate,
2020-03-15,0,3,415,418,0.00%,0.00%,0,0,0,418,?,3,0,184720,999999,4758-02-09,3,3,?,?,,0.0000,0,0,3,3,0,,273,240,308,3142,1047310,91.32%,
2020-03-16,0,5,671,676,66.67%,66.67%,0,1.3569154489,2.7138308977,258,?,5,0,184720,24,2020-04-08,2,5,?,?,,0.0000,0,1.3569154489,5,5,0,,273,240,308,3142,1047310,91.32%,
2020-03-17,1,6,934,941,40.00%,-16.00%,1,2.0600427171,2.4542036973,265,?,7,0,184720,36,2020-04-22,2,7,?,?,,0.5182,0,2.0600427171,7,7,0,,273,240,308,3142,1047310,91.32%,
2020-03-18,3,9,1141,1153,71.43%,22.45%,2,1.2859956969,2,212,?,12,0,184720,22,2020-04-09,5,12,?,?,,-0.3757,0,1.2859956969,12,12,0,,273,240,308,3142,1047310,91.32%,
2020-03-19,5,9,1373,1387,16.67%,-31.94%,2,4.4965561056,2.2498276866,234,?,14,0,184720,79,2020-06-05,2,14,?,?,,2.4966,0,4.4965561056,14,14,0,,273,240,308,3142,1047310,91.32%,
2020-03-20,5,10,1546,1561,7.14%,-8.16%,2,10.0466492497,2.5840593484,174,?,15,0,184720,176,2020-09-11,1,15,?,?,,1.2343,0,10.0466492497,15,15,0,,273,240,308,3142,1047310,91.32%,
2020-03-21,9,12,1826,1847,40.00%,30.67%,2,2.0600427171,2.4934503098,286,?,21,0,184720,36,2020-04-26,6,21,?,?,,-0.7950,0,2.0600427171,21,21,0,,273,240,308,3142,1047310,91.32%,
2020-03-22,28,0,2088,2116,33.33%,-4.76%,3,2.4094208397,2.4826274873,269,?,28,0,184720,42,2020-05-03,7,28,?,?,,0.1696,0,2.4094208397,28,28,0,,273,240,308,3142,1047310,91.32%,
2020-03-23,41,0,2308,2349,46.43%,9.82%,3,1.817530539,2.3856292848,233,?,41,0,184720,32,2020-04-23,13,41,?,?,,-0.2457,0,1.817530539,41,41,0,,273,240,308,3142,1047310,91.32%,
2020-03-24,51,0,2474,2525,24.39%,-15.05%,4,3.1758802076,2.4465054212,176,?,51,0,184720,56,2020-05-18,10,51,?,?,,0.7474,0,3.1758802076,51,51,0,,273,240,308,3142,1047310,91.32%,
2020-03-25,68,0,2772,2840,33.33%,7.19%,4,2.4094208397,2.443086989,315,?,68,0,184720,42,2020-05-06,17,68,1,?,1.47%,-0.2413,0,2.4094208397,68,68,1,,273,240,308,3142,1047310,91.32%,
2020-03-26,73,0,3201,3274,7.35%,-19.49%,4,9.7692772567,2.6059412526,434,2,71,0,184720,171,2020-09-12,5,70,2,?,2.86%,3.0546,0,9.7692772567,73,70,2,,273,240,308,3142,1047310,91.32%,
2020-03-27,90,0,3649,3739,23.29%,14.84%,4,3.3109454108,2.6493356122,465,2,88,0,184720,58,2020-05-23,17,85,2,?,2.35%,-0.6611,0,3.3109454108,90,85,2,,273,240,308,3142,1047310,91.32%,
2020-03-28,110,0,4031,4141,22.22%,-0.86%,5,3.4541524808,2.694174334,402,4,106,0,184720,60,2020-05-27,20,103,3,?,2.91%,0.0433,0,3.4541524808,110,103,3,,273,240,308,3142,1047310,91.32%,
2020-03-29,122,0,4731,4853,10.91%,-9.26%,5,6.6944430696,2.8059543205,712,7,115,0,184720,117,2020-07-24,12,110,3,?,2.73%,0.9381,22,6.6944430696,122,110,3,,273,240,308,3142,1047310,91.32%,
2020-03-30,127,0,5045,5172,4.10%,-6.14%,5,17.2570447768,2.960922018,319,10,117,0,184720,302,2021-01-25,5,113,4,?,3.54%,1.5778,18,17.2570447768,127,113,4,,273,240,308,3142,1047310,91.32%,Or 5054 -ive???
2020-03-31,147,0,5763,5910,15.75%,11.19%,5,4.7396137252,3.0277610904,738,10,137,0,184720,83,2020-06-21,20,132,4,?,3.03%,-0.7254,25,4.7396137252,147,132,4,,273,240,308,3142,1047310,91.32%,
2020-04-01,173,0,6591,6764,17.69%,1.68%,5,4.2561181618,3.0770989045,854,11,162,0,184720,74,2020-06-14,26,152,5,?,3.29%,-0.1020,26,4.2561181618,173,152,5,,273,240,308,3142,1047310,91.32%,
2020-04-02,193,0,7446,7639,11.56%,-5.21%,6,6.3359788516,3.1627161514,875,16,177,0,184720,111,2020-07-21,20,165,5,?,3.03%,0.4887,26,6.3359788516,193,165,5,,273,240,308,3142,1047310,91.32%,
2020-04-03,207,0,8234,8441,7.25%,-3.86%,6,9.8980578992,3.2741131089,802,21,186,0,184720,173,2020-09-23,14,166,5,?,3.01%,0.5622,26,9.8980578992,207,166,5,,273,240,308,3142,1047310,91.32%,
2020-04-04,236,0,8964,9200,14.01%,6.30%,6,5.2866391463,3.3345610083,759,50,186,0,184720,92,2020-07-05,29,185,4,?,2.16%,-0.4659,26,5.2866391463,236,185,4,,273,240,308,3142,1047310,91.32%,
2020-04-05,262,0,9510,9772,11.02%,-2.62%,6,6.6321814377,3.4116670168,572,53,209,0,184720,116,2020-07-30,26,194,6,?,3.09%,0.2545,26,6.6321814377,262,194,6,,273,240,308,3142,1047310,91.32%,
2020-04-06,293,0,10218,10511,11.83%,0.73%,6,6.1983271466,3.4796846572,739,64,229,0,184720,108,2020-07-23,31,220,10,?,4.55%,-0.0654,27,6.1983271466,293,220,10,,273,240,308,3142,1047310,91.32%,
2020-04-07,310,0,10621,10931,5.80%,-5.39%,6,12.289911513,3.586820995,420,66,243,1,184720,215,2020-11-08,17,220,11,?,5.00%,0.9828,27,12.289911513,310,220,11,,273,240,308,3142,1047310,91.32%,
2020-04-08,342,0,11346,11688,10.32%,4.27%,6,7.0557633397,3.6587739519,757,77,264,1,184720,123,2020-08-09,32,232,11,5,4.74%,-0.4259,27,7.0557633397,342,232,11,,273,240,308,3142,1047310,91.32%,
2020-04-09,373,0,12177,12550,9.06%,-1.14%,6,7.9885408938,3.7366687232,862,82,289,2,184720,140,2020-08-26,31,251,10,4,3.98%,0.1322,27,7.9885408938,373,251,10,,273,240,308,3142,1047310,91.32%,
2020-04-10,407,0,13014,13421,9.12%,0.05%,7,7.945767656,3.811447692,871,93,312,2,184720,139,2020-08-27,34,280,8,4,2.86%,-0.0054,30,7.945767656,407,280,8,,273,240,308,3142,1047310,91.32%,
2020-04-11,428,0,13632,14060,5.16%,-3.63%,7,13.7775201921,3.9125246209,639,95,331,2,184720,241,2020-12-08,21,281,8,4,2.85%,0.7339,30,13.7775201921,428,281,8,,273,240,308,3142,1047310,91.32%,
2020-04-12,445,0,14295,14740,3.97%,-1.13%,7,17.7953233489,4.0206862783,680,97,346,2,184720,311,2021-02-17,17,272,9,4,3.31%,0.2916,31,17.7953233489,445,272,9,,273,240,308,3142,1047310,91.32%,
2020-04-13,474,0,15580,16054,6.52%,2.45%,7,10.9791511027,4.1074617427,1314,101,370,3,184720,192,2020-10-22,29,281,9,4,3.20%,-0.3830,31,10.9791511027,474,281,9,,273,240,308,3142,1047310,91.32%,
2020-04-14,517,0,16755,17272,9.07%,2.40%,7,7.9822970903,4.1728036215,1218,124,390,3,184720,140,2020-08-31,43,310,10,4,3.23%,-0.2730,31,7.9822970903,517,310,10,,273,240,308,3142,1047310,91.32%,
2020-04-15,549,0,17419,17968,6.19%,-2.64%,7,11.5417639891,4.2577538604,696,137,409,3,184720,202,2020-11-02,32,313,9,4,2.88%,0.4459,30,11.5417639891,549,313,9,,273,240,308,3142,1047310,91.32%,
2020-04-16,579,0,18453,19032,5.46%,-0.68%,7,13.0280939539,4.3464190628,1064,176,400,3,184720,228,2020-11-29,30,317,11,4,3.47%,0.1288,31,13.0280939539,579,317,11,,273,240,308,3142,1047310,91.32%,
2020-04-17,606,0,19506,20112,4.66%,-0.76%,7,15.2080972266,4.4396789089,1080,177,425,4,184720,266,2021-01-08,27,313,11,5,3.51%,0.1673,31,15.2080972266,606,313,11,,273,240,308,3142,1047310,91.32%,
2020-04-18,649,0,20313,20962,7.10%,2.32%,7,10.1111534747,4.511988385,850,184,458,7,184720,177,2020-10-11,43,339,11,5,3.24%,-0.3351,31,10.1111534747,649,339,11,,273,240,308,3142,1047310,91.32%,
2020-04-19,675,0,21120,21795,4.01%,-2.88%,7,17.6463247554,4.6072444466,833,200,466,9,184720,309,2021-02-21,26,333,11,5,3.30%,0.7452,31,17.6463247554,675,333,11,,273,240,308,3142,1047310,91.32%,
2020-04-20,721,0,21769,22490,6.81%,2.70%,7,10.5139472591,4.6782780145,695,248,464,9,184720,184,2020-10-20,46,348,12,4,3.45%,-0.4042,31,10.5139472591,721,348,12,,273,240,308,3142,1047310,91.32%,
2020-04-21,737,0,22190,22927,2.22%,-4.30%,7,31.5802506146,4.7855577057,437,286,441,10,184720,552,2021-10-25,16,330,11,3,3.33%,2.0037,31,31.5802506146,737,330,11,,273,240,308,3142,1047310,91.32%,
2020-04-22,772,0,22993,23765,4.75%,2.47%,8,14.9395929125,4.8704372912,838,330,430,12,184720,261,2021-01-08,35,344,10,3,2.91%,-0.5269,31,14.9395929125,772,344,10,,273,240,308,3142,1047310,91.32%,
2020-04-23,827,0,23731,24558,7.12%,2.27%,8,10.0718645764,4.9341409258,793,358,453,16,184720,176,2020-10-16,55,382,10,4,2.62%,-0.3258,31,10.0718645764,827,382,10,,273,240,308,3142,1047310,91.32%,
2020-04-24,850,0,24521,25371,2.78%,-4.05%,8,25.2681507619,5.0329248232,813,392,442,16,184720,442,2021-07-10,23,376,11,3,2.93%,1.5088,31,25.2681507619,850,376,11,,273,240,308,3142,1047310,91.32%,
2020-04-25,865,0,25119,25984,1.76%,-0.99%,8,39.6239033828,5.1397561988,613,412,431,22,184720,693,2022-03-19,15,348,11,3,3.16%,0.5681,31,39.6239033828,865,348,11,,273,240,308,3142,1047310,91.32%,
2020-04-26,873,0,25615,26488,0.92%,-0.83%,8,75.2925807268,5.2535925348,504,439,410,24,184720,1317,2023-12-04,8,324,13,3,4.01%,0.9002,31,75.2925807268,873,324,13,,273,240,308,3142,1047310,91.32%,
2020-04-27,900,0,26231,27131,3.09%,2.15%,8,22.7565730628,5.3470615473,643,509,367,24,184720,398,2021-05-30,27,321,12,3,3.74%,-0.6978,31,22.7565730628,900,321,12,,273,240,308,3142,1047310,91.32%,
2020-04-28,915,0,26902,27817,1.67%,-1.38%,8,41.9344496583,5.4527837543,686,522,366,27,184720,734,2022-05-01,15,309,12,3,3.88%,0.8427,31,41.9344496583,915,309,12,,273,240,308,3142,1047310,91.32%,
2020-04-29,935,0,27486,28421,2.19%,0.51%,8,32.0568081481,5.5529668174,604,529,378,28,184720,561,2021-11-10,20,286,11,3,3.85%,-0.2355,31,32.0568081481,935,286,11,,273,240,308,3142,1047310,91.32%,
2020-04-30,947,0,28209,29156,1.28%,-0.88%,8,54.3535547939,5.6611104293,735,545,374,28,184720,951,2022-12-06,12,272,10,3,3.68%,0.6955,31,54.3535547939,947,272,10,,273,240,308,3142,1047310,91.32%,
2020-05-01,959,0,28883,29842,1.27%,-0.02%,8,55.04671125,5.7689364257,686,592,338,29,184720,963,2022-12-20,12,238,10,3,4.20%,0.0128,31,55.04671125,959,238,10,,273,240,308,3142,1047310,91.32%,
2020-05-02,963,0,29406,30369,0.42%,-0.84%,8,166.5283697036,5.884875393,527,609,323,31,184720,2913,2028-04-23,4,226,9,3,3.98%,2.0252,31,166.5283697036,963,226,9,,273,240,308,3142,1047310,91.32%,
2020-05-03,971,0,29945,30916,0.83%,0.41%,8,83.7836875802,5.9963793971,547,624,310,37,184720,1466,2024-05-07,8,199,6,3,3.02%,-0.4969,32,83.7836875802,971,199,6,,273,240,308,3142,1047310,91.32%,
2020-05-04,,,,,,,,,,,,,,184720,,,,,,,,0.0500,32,32,992,142,5,,273,240,308,3142,1047310,91.32%,
2020-05-05,,,,,,,,,,,,,,184720,,,,,,,,0.0500,32,32,1014,149,5,,273,240,308,3142,1047310,91.32%,
2020-05-06,,,,,,,,,,,,,,184720,,,,,,,,0.0500,32,32,1036,163,5,,273,240,308,3142,1047310,91.32%,
2020-05-07,,,,,,,,,,,,,,184720,,,,,,,,0.0500,32,32,1059,159,5,,273,240,308,3142,1047310,91.32%,
2020-05-08,,,,,,,,,,,,,,184720,,,,,,,,0.0500,32,32,1082,167,6,,273,240,308,3142,1047310,91.32%,
2020-05-09,,,,,,,,,,,,,,184720,,,,,,,,0.0500,32,32,1106,171,6,,273,240,308,3142,1047310,91.32%,
2020-05-10,,,,,,,,,,,,,,184720,,,,,,,,0.0500,32,32,1130,183,6,,273,240,308,3142,1047310,91.32%,
2020-05-11,,,,,,,,,,,,,,184720,,,,,,,,0.0500,32,32,1155,196,6,,273,240,308,3142,1047310,91.32%,
2020-05-12,,,,,,,,,,,,,,184720,,,,,,,,0.0500,32,32,1180,217,7,,273,240,308,3142,1047310,91.32%,
2020-05-13,,,,,,,,,,,,,,184720,,,,,,,,0.0500,32,32,1206,235,8,,273,240,308,3142,1047310,91.32%,
2020-05-14,,,,,,,,,,,,,,184720,,,,,,,,0.0500,32,32,1232,240,8,,273,240,308,3142,1047310,91.32%,
2020-05-15,,,,,,,,,,,,,,184720,,,,,,,,0.0500,32,32,1259,245,8,,273,240,308,3142,1047310,91.32%,
2020-05-16,,,,,,,,,,,,,,184720,,,,,,,,0.0500,32,32,1287,251,8,,273,240,308,3142,1047310,91.32%,
2020-05-17,,,,,,,,,,,,,,184720,,,,,,,,0.0500,32,32,1315,256,8,,273,240,308,3142,1047310,91.32%,
2020-05-18,,,,,,,,,,,,,,184720,,,,,,,,0.0500,32,32,1344,262,9,,273,240,308,3142,1047310,91.32%,
2020-05-19,,,,,,,,,,,,,,184720,,,,,,,,0.0500,32,32,1373,267,9,,273,240,308,3142,1047310,91.32%,
2020-05-20,,,,,,,,,,,,,,184720,,,,,,,,0.0500,32,32,1403,273,9,,273,240,308,3142,1047310,91.32%,
2020-05-21,,,,,,,,,,,,,,184720,,,,,,,,0.0500,32,32,1434,279,9,,273,240,308,3142,1047310,91.32%,
2020-05-22,,,,,,,,,,,,,,184720,,,,,,,,0.0500,32,32,1465,285,9,,273,240,308,3142,1047310,91.32%,
2020-05-23,,,,,,,,,,,,,,184720,,,,,,,,0.0500,32,32,1497,292,10,,273,240,308,3142,1047310,91.32%,
2020-05-24,,,,,,,,,,,,,,184720,,,,,,,,0.0500,32,32,1530,298,10,,273,240,308,3142,1047310,91.32%,
2020-05-25,,,,,,,,,,,,,,184720,,,,,,,,0.0500,32,32,1564,305,10,,273,240,308,3142,1047310,91.32%,
2020-05-26,,,,,,,,,,,,,,184720,,,,,,,,0.0500,32,32,1598,311,10,,273,240,308,3142,1047310,91.32%,
2020-05-27,,,,,,,,,,,,,,184720,,,,,,,,0.0500,32,32,1633,318,11,,273,240,308,3142,1047310,91.32%,
2020-05-28,,,,,,,,,,,,,,184720,,,,,,,,0.0500,32,32,1669,325,11,,273,240,308,3142,1047310,91.32%,
2020-05-29,,,,,,,,,,,,,,184720,,,,,,,,0.0500,32,32,1705,332,11,,273,240,308,3142,1047310,91.32%,
2020-05-30,,,,,,,,,,,,,,184720,,,,,,,,0.0500,32,32,1743,339,11,,273,240,308,3142,1047310,91.32%,
2020-05-31,,,,,,,,,,,,,,184720,,,,,,,,0.0500,32,32,1781,347,11,,273,240,308,3142,1047310,91.32%,
2020-06-01,,,,,,,,,,,,,,184720,,,,,,,,0.0500,32,32,1820,354,12,,273,240,308,3142,1047310,91.32%,
2020-06-02,,,,,,,,,,,,,,184720,,,,,,,,0.0500,32,32,1860,362,12,,273,240,308,3142,1047310,91.32%,
2020-06-03,,,,,,,,,,,,,,184720,,,,,,,,0.0500,32,32,1900,370,12,,273,240,308,3142,1047310,91.32%,
2020-06-04,,,,,,,,,,,,,,184720,,,,,,,,0.0500,32,32,1942,378,13,,273,240,308,3142,1047310,91.32%,
2020-06-05,,,,,,,,,,,,,,184720,,,,,,,,0.0500,32,32,1985,386,13,,273,240,308,3142,1047310,91.32%,
2020-06-06,,,,,,,,,,,,,,184720,,,,,,,,0.0500,32,32,2028,395,13,,273,240,308,3142,1047310,91.32%,
2020-06-07,,,,,,,,,,,,,,184720,,,,,,,,0.0500,32,32,2072,404,13,,273,240,308,3142,1047310,91.32%,
2020-06-08,,,,,,,,,,,,,,184720,,,,,,,,0.0500,32,32,2118,412,14,,273,240,308,3142,1047310,91.32%,
2020-06-09,,,,,,,,,,,,,,184720,,,,,,,,0.0500,32,32,2164,421,14,,273,240,308,3142,1047310,91.32%,
2020-06-10,,,,,,,,,,,,,,184720,,,,,,,,0.0500,32,32,2212,431,14,,273,240,308,3142,1047310,91.32%,
2020-06-11,,,,,,,,,,,,,,184720,,,,,,,,0.0500,32,32,2260,440,15,,273,240,308,3142,1047310,91.32%,
2020-06-12,,,,,,,,,,,,,,184720,,,,,,,,0.0500,32,32,2309,450,15,,273,240,308,3142,1047310,91.32%,
2020-06-13,,,,,,,,,,,,,,184720,,,,,,,,0.0500,32,32,2360,460,15,,273,240,308,3142,1047310,91.32%,
2020-06-14,,,,,,,,,,,,,,184720,,,,,,,,0.0500,32,32,2412,470,16,,273,240,308,3142,1047310,91.32%,
2020-06-15,,,,,,,,,,,,,,184720,,,,,,,,0.0500,32,32,2464,480,16,,273,240,308,3142,1047310,91.32%,
2020-06-16,,,,,,,,,,,,,,184720,,,,,,,,0.0500,32,32,2518,490,16,,273,240,308,3142,1047310,91.32%,
2020-06-17,,,,,,,,,,,,,,184720,,,,,,,,0.0500,32,32,2574,501,17,,273,240,308,3142,1047310,91.32%,
2020-06-18,,,,,,,,,,,,,,184720,,,,,,,,0.0500,32,32,2630,512,17,,273,240,308,3142,1047310,91.32%,
2020-06-19,,,,,,,,,,,,,,184720,,,,,,,,0.0500,32,32,2688,523,17,,273,240,308,3142,1047310,91.32%,
2020-06-20,,,,,,,,,,,,,,184720,,,,,,,,0.0500,32,32,2746,535,18,,273,240,308,3142,1047310,91.32%,
2020-06-21,,,,,,,,,,,,,,184720,,,,,,,,0.0500,32,32,2807,547,18,,273,240,308,3142,1047310,91.32%,
2020-06-22,,,,,,,,,,,,,,184720,,,,,,,,0.0500,32,32,2868,559,18,,273,240,308,3142,1047310,91.32%,
2020-06-23,,,,,,,,,,,,,,184720,,,,,,,,0.0500,32,32,2931,571,19,,273,240,308,3142,1047310,91.32%,
2020-06-24,,,,,,,,,,,,,,184720,,,,,,,,0.0500,32,32,2995,583,19,,273,240,308,3142,1047310,91.32%,
2020-06-25,,,,,,,,,,,,,,184720,,,,,,,,0.0500,32,32,3061,596,20,,273,240,308,3142,1047310,91.32%,
2020-06-26,,,,,,,,,,,,,,184720,,,,,,,,0.0500,32,32,3128,609,20,,273,240,308,3142,1047310,91.32%,
2020-06-27,,,,,,,,,,,,,,184720,,,,,,,,0.0500,32,32,3196,622,21,,273,240,308,3142,1047310,91.32%,
2020-06-28,,,,,,,,,,,,,,184720,,,,,,,,0.0500,32,32,3266,636,21,,273,240,308,3142,1047310,91.32%,
2020-06-29,,,,,,,,,,,,,,184720,,,,,,,,0.0500,32,32,3338,650,22,,273,240,308,3142,1047310,91.32%,
2020-06-30,,,,,,,,,,,,,,184720,,,,,,,,0.0500,32,32,3411,664,22,,273,240,308,3142,1047310,91.32%,
2020-07-01,,,,,,,,,,,,,,184720,,,,,,,,0.0500,32,32,3485,679,22,,273,240,308,3142,1047310,91.32%,
2020-07-02,,,,,,,,,,,,,,184720,,,,,,,,0.0500,32,32,3562,694,23,,273,240,308,3142,1047310,91.32%,
2020-07-03,,,,,,,,,,,,,,184720,,,,,,,,0.0500,32,32,3640,709,23,,273,240,308,3142,1047310,91.32%,
2020-07-04,,,,,,,,,,,,,,184720,,,,,,,,0.0500,32,32,3719,724,24,,273,240,308,3142,1047310,91.32%,
2020-07-05,,,,,,,,,,,,,,184720,,,,,,,,0.0500,32,32,3801,740,24,,273,240,308,3142,1047310,91.32%,
2020-07-06,,,,,,,,,,,,,,184720,,,,,,,,0.0500,32,32,3884,756,25,,273,240,308,3142,1047310,91.32%,
2020-07-07,,,,,,,,,,,,,,184720,,,,,,,,0.0500,32,32,3969,773,26,,273,240,308,3142,1047310,91.32%,
2020-07-08,,,,,,,,,,,,,,184720,,,,,,,,0.0500,32,32,4056,790,26,,273,240,308,3142,1047310,91.32%,
2020-07-09,,,,,,,,,,,,,,184720,,,,,,,,0.0500,32,32,4145,807,27,,273,240,308,3142,1047310,91.32%,
2020-07-10,,,,,,,,,,,,,,184720,,,,,,,,0.0500,32,32,4236,825,27,,273,240,308,3142,1047310,91.32%,
2020-07-11,,,,,,,,,,,,,,184720,,,,,,,,0.0500,32,32,4328,843,28,,273,240,308,3142,1047310,91.32%,
2020-07-12,,,,,,,,,,,,,,184720,,,,,,,,0.0500,32,32,4423,861,29,,273,240,308,3142,1047310,91.32%,
2020-07-13,,,,,,,,,,,,,,184720,,,,,,,,0.0500,32,32,4520,880,29,,273,240,308,3142,1047310,91.32%,
2020-07-14,,,,,,,,,,,,,,184720,,,,,,,,0.0500,32,32,4619,900,30,,273,240,308,3142,1047310,91.32%,
2020-07-15,,,,,,,,,,,,,,184720,,,,,,,,0.0500,32,32,4720,919,30,,273,240,308,3142,1047310,91.32%,
2020-07-16,,,,,,,,,,,,,,184720,,,,,,,,0.0500,32,32,4823,939,31,,273,240,308,3142,1047310,91.32%,
2020-07-17,,,,,,,,,,,,,,184720,,,,,,,,0.0500,32,32,4929,960,32,,273,240,308,3142,1047310,91.32%,
2020-07-18,,,,,,,,,,,,,,184720,,,,,,,,0.0500,32,32,5037,981,32,,273,240,308,3142,1047310,91.32%,
2020-07-19,,,,,,,,,,,,,,184720,,,,,,,,0.0500,32,32,5147,1002,33,,273,240,308,3142,1047310,91.32%,
2020-07-20,,,,,,,,,,,,,,184720,,,,,,,,0.0500,32,32,5260,1024,34,,273,240,308,3142,1047310,91.32%,
2020-07-21,,,,,,,,,,,,,,184720,,,,,,,,0.0500,32,32,5375,1047,35,,273,240,308,3142,1047310,91.32%,
2020-07-22,,,,,,,,,,,,,,184720,,,,,,,,0.0500,32,32,5493,1070,35,,273,240,308,3142,1047310,91.32%,
2020-07-23,,,,,,,,,,,,,,184720,,,,,,,,0.0500,32,32,5613,1093,36,,273,240,308,3142,1047310,91.32%,
2020-07-24,,,,,,,,,,,,,,184720,,,,,,,,0.0500,32,32,5736,1117,37,,273,240,308,3142,1047310,91.32%,
2020-07-25,,,,,,,,,,,,,,184720,,,,,,,,0.0500,32,32,5862,1142,38,,273,240,308,3142,1047310,91.32%,
2020-07-26,,,,,,,,,,,,,,184720,,,,,,,,0.0500,32,32,5990,1167,39,,273,240,308,3142,1047310,91.32%,
2020-07-27,,,,,,,,,,,,,,184720,,,,,,,,0.0500,32,32,6121,1192,39,,273,240,308,3142,1047310,91.32%,
2020-07-28,,,,,,,,,,,,,,184720,,,,,,,,0.0500,32,32,6255,1218,40,,273,240,308,3142,1047310,91.32%,
2020-07-29,,,,,,,,,,,,,,184720,,,,,,,,0.0500,32,32,6392,1245,41,,273,240,308,3142,1047310,91.32%,
2020-07-30,,,,,,,,,,,,,,184720,,,,,,,,0.0500,32,32,6532,1272,42,,273,240,308,3142,1047310,91.32%,
2020-07-31,,,,,,,,,,,,,,184720,,,,,,,,0.0500,32,32,6675,1300,43,,273,240,308,3142,1047310,91.32%,
2020-08-01,,,,,,,,,,,,,,184720,,,,,,,,0.0500,32,32,6821,1328,44,,273,240,308,3142,1047310,91.32%,
2020-08-02,,,,,,,,,,,,,,184720,,,,,,,,0.0500,32,32,6971,1358,45,,273,240,308,3142,1047310,91.32%,
2020-08-03,,,,,,,,,,,,,,184720,,,,,,,,0.0500,32,32,7123,1387,46,,273,240,308,3142,1047310,91.32%,
2020-08-04,,,,,,,,,,,,,,184720,,,,,,,,0.0500,32,32,7279,1418,47,,273,240,308,3142,1047310,91.32%,
2020-08-05,,,,,,,,,,,,,,184720,,,,,,,,0.0500,32,32,7439,1449,48,,273,240,308,3142,1047310,91.32%,
2020-08-06,,,,,,,,,,,,,,184720,,,,,,,,0.0500,32,32,7602,1480,49,,273,240,308,3142,1047310,91.32%,
2020-08-07,,,,,,,,,,,,,,184720,,,,,,,,0.0500,32,32,7768,1513,50,,273,240,308,3142,1047310,91.32%,
2020-08-08,,,,,,,,,,,,,,184720,,,,,,,,0.0500,32,32,7938,1546,51,,273,240,308,3142,1047310,91.32%,
2020-08-09,,,,,,,,,,,,,,184720,,,,,,,,0.0500,32,32,8112,1580,52,,273,240,308,3142,1047310,91.32%,
2020-08-10,,,,,,,,,,,,,,184720,,,,,,,,0.0500,32,32,8290,1614,53,,273,240,308,3142,1047310,91.32%,
2020-08-11,,,,,,,,,,,,,,184720,,,,,,,,0.0500,32,32,8471,1650,55,,273,240,308,3142,1047310,91.32%,
2020-08-12,,,,,,,,,,,,,,184720,,,,,,,,0.0500,32,32,8657,1686,56,,273,240,308,3142,1047310,91.32%,
2020-08-13,,,,,,,,,,,,,,184720,,,,,,,,0.0500,32,32,8846,1723,57,,273,240,308,3142,1047310,91.32%,
2020-08-14,,,,,,,,,,,,,,184720,,,,,,,,0.0500,32,32,9040,1761,58,,273,240,308,3142,1047310,91.32%,
2020-08-15,,,,,,,,,,,,,,184720,,,,,,,,0.0500,32,32,9238,1799,60,,273,240,308,3142,1047310,91.32%,
2020-08-16,,,,,,,,,,,,,,184720,,,,,,,,0.0500,32,32,9440,1838,61,,273,240,308,3142,1047310,91.32%,
2020-08-17,,,,,,,,,,,,,,184720,,,,,,,,0.0500,32,32,9647,1879,62,,273,240,308,3142,1047310,91.32%,
2020-08-18,,,,,,,,,,,,,,184720,,,,,,,,0.0500,32,32,9858,1920,64,,273,240,308,3142,1047310,91.32%,
2020-08-19,,,,,,,,,,,,,,184720,,,,,,,,0.0500,32,32,10074,1962,65,,273,240,308,3142,1047310,91.32%,
2020-08-20,,,,,,,,,,,,,,184720,,,,,,,,0.0500,32,32,10294,2005,66,,273,240,308,3142,1047310,91.32%,
2020-08-21,,,,,,,,,,,,,,184720,,,,,,,,0.0500,32,32,10520,2049,68,,273,240,308,3142,1047310,91.32%,
2020-08-22,,,,,,,,,,,,,,184720,,,,,,,,0.0500,32,32,10750,2094,69,,273,240,308,3142,1047310,91.32%,
2020-08-23,,,,,,,,,,,,,,184720,,,,,,,,0.0500,32,32,10986,2140,71,,273,240,308,3142,1047310,91.32%,
2020-08-24,,,,,,,,,,,,,,184720,,,,,,,,0.0500,32,32,11226,2186,72,,273,240,308,3142,1047310,91.32%,
2020-08-25,,,,,,,,,,,,,,184720,,,,,,,,0.0500,32,32,11472,2234,74,,273,240,308,3142,1047310,91.32%,
2020-08-26,,,,,,,,,,,,,,184720,,,,,,,,0.0500,32,32,11723,2283,76,,273,240,308,3142,1047310,91.32%,
2020-08-27,,,,,,,,,,,,,,184720,,,,,,,,0.0500,32,32,11980,2333,77,,273,240,308,3142,1047310,91.32%,
2020-08-28,,,,,,,,,,,,,,184720,,,,,,,,0.0500,32,32,12242,2384,79,,273,240,308,3142,1047310,91.32%,
2020-08-29,,,,,,,,,,,,,,184720,,,,,,,,0.0500,32,32,12510,2436,81,,273,240,308,3142,1047310,91.32%,
2020-08-30,,,,,,,,,,,,,,184720,,,,,,,,0.0500,32,32,12784,2490,82,,273,240,308,3142,1047310,91.32%,
2020-08-31,,,,,,,,,,,,,,184720,,,,,,,,0.0500,32,32,13064,2544,84,,273,240,308,3142,1047310,91.32%,
2020-09-01,,,,,,,,,,,,,,184720,,,,,,,,0.0500,32,32,13350,2600,86,,273,240,308,3142,1047310,91.32%,
2020-09-02,,,,,,,,,,,,,,184720,,,,,,,,0.0500,32,32,13643,2657,88,,273,240,308,3142,1047310,91.32%,
2020-09-03,,,,,,,,,,,,,,184720,,,,,,,,0.0500,32,32,13941,2715,90,,273,240,308,3142,1047310,91.32%,
2020-09-04,,,,,,,,,,,,,,184720,,,,,,,,0.0500,32,32,14247,2775,92,,273,240,308,3142,1047310,91.32%,
2020-09-05,,,,,,,,,,,,,,184720,,,,,,,,0.0500,32,32,14559,2835,94,,273,240,308,3142,1047310,91.32%,
2020-09-06,,,,,,,,,,,,,,184720,,,,,,,,0.0500,32,32,14877,2897,96,,273,240,308,3142,1047310,91.32%,
2020-09-07,,,,,,,,,,,,,,184720,,,,,,,,0.0500,32,32,15203,2961,98,,273,240,308,3142,1047310,91.32%,
2020-09-08,,,,,,,,,,,,,,184720,,,,,,,,0.0500,32,32,15536,3026,100,,273,240,308,3142,1047310,91.32%,
2020-09-09,,,,,,,,,,,,,,184720,,,,,,,,0.0500,32,32,15876,3092,102,,273,240,308,3142,1047310,91.32%,
2020-09-10,,,,,,,,,,,,,,184720,,,,,,,,0.0500,32,32,16224,3160,105,,273,240,308,3142,1047310,91.32%,
2020-09-11,,,,,,,,,,,,,,184720,,,,,,,,0.0500,32,32,16579,3229,107,,273,240,308,3142,1047310,91.32%,
2020-09-12,,,,,,,,,,,,,,184720,,,,,,,,0.0500,32,32,16942,3300,109,,273,240,308,3142,1047310,91.32%,
2020-09-13,,,,,,,,,,,,,,184720,,,,,,,,0.0500,32,32,17313,3372,112,,273,240,308,3142,1047310,91.32%,
2020-09-14,,,,,,,,,,,,,,184720,,,,,,,,0.0500,32,32,17692,3446,114,,273,240,308,3142,1047310,91.32%,
2020-09-15,,,,,,,,,,,,,,184720,,,,,,,,0.0500,32,32,18080,3521,117,,273,240,308,3142,1047310,91.32%,
2020-09-16,,,,,,,,,,,,,,184720,,,,,,,,0.0500,32,32,18476,3598,119,,273,240,308,3142,1047310,91.32%,
2020-09-17,,,,,,,,,,,,,,184720,,,,,,,,0.0500,32,32,18880,3677,122,,273,240,308,3142,1047310,91.32%,
2020-09-18,,,,,,,,,,,,,,184720,,,,,,,,0.0500,32,32,19294,3758,124,,273,240,308,3142,1047310,91.32%,
2020-09-19,,,,,,,,,,,,,,184720,,,,,,,,0.0500,32,32,19716,3840,127,,273,240,308,3142,1047310,91.32%,
2020-09-20,,,,,,,,,,,,,,184720,,,,,,,,0.0500,32,32,20148,3924,130,,273,240,308,3142,1047310,91.32%,
2020-09-21,,,,,,,,,,,,,,184720,,,,,,,,0.0500,32,32,20589,4010,133,,273,240,308,3142,1047310,91.32%,
2020-09-22,,,,,,,,,,,,,,184720,,,,,,,,0.0500,32,32,21040,4098,136,,273,240,308,3142,1047310,91.32%,
2020-09-23,,,,,,,,,,,,,,184720,,,,,,,,0.0500,32,32,21500,4187,139,,273,240,308,3142,1047310,91.32%,
2020-09-24,,,,,,,,,,,,,,184720,,,,,,,,0.0500,32,32,21971,4279,142,,273,240,308,3142,1047310,91.32%,
2020-09-25,,,,,,,,,,,,,,184720,,,,,,,,0.0500,32,32,22452,4373,145,,273,240,308,3142,1047310,91.32%,
2020-09-26,,,,,,,,,,,,,,184720,,,,,,,,0.0500,32,32,22944,4468,148,,273,240,308,3142,1047310,91.32%,
2020-09-27,,,,,,,,,,,,,,184720,,,,,,,,0.0500,32,32,23446,4566,151,,273,240,308,3142,1047310,91.32%,
2020-09-28,,,,,,,,,,,,,,184720,,,,,,,,0.0500,32,32,23960,4666,154,,273,240,308,3142,1047310,91.32%,
2020-09-29,,,,,,,,,,,,,,184720,,,,,,,,0.0500,32,32,24484,4768,158,,273,240,308,3142,1047310,91.32%,
2020-09-30,,,,,,,,,,,,,,184720,,,,,,,,0.0500,32,32,25021,4873,161,,273,240,308,3142,1047310,91.32%,
2020-10-01,,,,,,,,,,,,,,184720,,,,,,,,0.0500,32,32,25568,4980,165,,273,240,308,3142,1047310,91.32%,
2020-10-02,,,,,,,,,,,,,,184720,,,,,,,,0.0500,32,32,26128,5089,168,,273,240,308,3142,1047310,91.32%,
2020-10-03,,,,,,,,,,,,,,184720,,,,,,,,0.0500,32,32,26700,5200,172,,273,240,308,3142,1047310,91.32%,
2020-10-04,,,,,,,,,,,,,,184720,,,,,,,,0.0500,32,32,27285,5314,176,,273,240,308,3142,1047310,91.32%,
2020-10-05,,,,,,,,,,,,,,184720,,,,,,,,0.0500,32,32,27883,5430,180,,273,240,308,3142,1047310,91.32%,
2020-10-06,,,,,,,,,,,,,,184720,,,,,,,,0.0500,32,32,28493,5549,184,,273,240,308,3142,1047310,91.32%,
2020-10-07,,,,,,,,,,,,,,184720,,,,,,,,0.0500,32,32,29117,5671,188,,273,240,308,3142,1047310,91.32%,
2020-10-08,,,,,,,,,,,,,,184720,,,,,,,,0.0500,32,32,29755,5795,192,,273,240,308,3142,1047310,91.32%,
2020-10-09,,,,,,,,,,,,,,184720,,,,,,,,0.0500,32,32,30406,5922,196,,273,240,308,3142,1047310,91.32%,
2020-10-10,,,,,,,,,,,,,,184720,,,,,,,,0.0500,32,32,31072,6051,200,,273,240,308,3142,1047310,91.32%,
2020-10-11,,,,,,,,,,,,,,184720,,,,,,,,0.0500,32,32,31752,6184,205,,273,240,308,3142,1047310,91.32%,
2020-10-12,,,,,,,,,,,,,,184720,,,,,,,,0.0500,32,32,32448,6319,209,,273,240,308,3142,1047310,91.32%,
2020-10-13,,,,,,,,,,,,,,184720,,,,,,,,0.0500,32,32,33158,6458,214,,273,240,308,3142,1047310,91.32%,
2020-10-14,,,,,,,,,,,,,,184720,,,,,,,,0.0500,32,32,33884,6599,218,,273,240,308,3142,1047310,91.32%,
2020-10-15,,,,,,,,,,,,,,184720,,,,,,,,0.0500,32,32,34626,6744,223,,273,240,308,3142,1047310,91.32%,
2020-10-16,,,,,,,,,,,,,,184720,,,,,,,,0.0500,32,32,35384,6891,228,,273,240,308,3142,1047310,91.32%,
2020-10-17,,,,,,,,,,,,,,184720,,,,,,,,0.0500,32,32,36159,7042,233,,273,240,308,3142,1047310,91.32%,
2020-10-18,,,,,,,,,,,,,,184720,,,,,,,,0.0500,32,32,36944,7189,238,,273,240,308,3142,1047310,91.32%,
2020-10-19,,,,,,,,,,,,,,184720,,,,,,,,0.0500,32,32,36944,6538,216,,273,240,308,3142,1047310,91.32%,
2020-10-20,,,,,,,,,,,,,,184720,,,,,,,,0.0500,32,32,36944,5872,194,,273,240,308,3142,1047310,91.32%,
2020-10-21,,,,,,,,,,,,,,184720,,,,,,,,0.0500,32,32,36944,5192,172,,273,240,308,3142,1047310,91.32%,
2020-10-22,,,,,,,,,,,,,,184720,,,,,,,,0.0500,32,32,36944,4496,149,,273,240,308,3142,1047310,91.32%,
2020-10-23,,,,,,,,,,,,,,184720,,,,,,,,0.0500,32,32,36944,3786,125,,273,240,308,3142,1047310,91.32%,
2020-10-24,,,,,,,,,,,,,,184720,,,,,,,,0.0500,32,32,36944,3060,101,,273,240,308,3142,1047310,91.32%,
